{
    "user_deletions": {},
    "user_modifications": {
        "Freelancers": {
            "ebc635c590891b63": 1,
            "46c0487d3312f49c": 1,
            "562f8120e390b7cd": 1,
            "9c675fe44c1da136": 1,
            "eed535f426ee308c": 1,
            "35dfd16e44f94246": 1,
            "01ed4c200aa5ccde": 1,
            "0290bb467245b4e6": 1,
            "04d2afce41d5bea0": 1,
            "e991d29e9c3b9856": 1,
            "14386ac2c52f007b": 1,
            "0e649322aa010b6c": 2,
            "3a278df44a5a8b35": 1,
            "c5d5af6fceddaddf": 1,
            "9751fa0067537916": 1,
            "82f6e1cfcb354510": 1,
            "4e1fc3675ece81d7": 1,
            "e843ddf465498875": 1,
            "3a7052c1b9e57ed2": 1,
            "9ac5a78366622516": 1,
            "344b3d4b74bdf974": 1,
            "df99618dc5f6ab94": 1,
            "4b5d09305c2f23e1": 1,
            "5b41fae3de7c1781": 1,
            "6e92db2f2a98ca96": 1,
            "69be22fa55175e41": 1,
            "c0f37423034182d4": 1,
            "a47c52f0e3b77b4a": 1,
            "cb12f0f393632c75": 1,
            "518b01785826b997": 2,
            "7487230faf5d05a5": 1,
            "2dfde7871b86ff68": 2,
            "24a7477779c427d5": 1,
            "eb82683b80e75665": 1,
            "29687bff85b37802": 1,
            "7e2040129cd37f5d": 1,
            "a77072c052e46607": 2,
            "2ef41fc92137e6a1": 1,
            "af9738e0ae82d006": 2,
            "e2eac40da49738fe": 1,
            "52464917830a143c": 1,
            "3d98838e7faa606b": 1,
            "b28e1134ae036c96": 1,
            "10ef9b8eaf789296": 1,
            "69a260b5dee72546": 1,
            "4f8eb983ca3534c5": 1,
            "a02976f72ddd72df": 1,
            "86a79150dd99ee4e": 1,
            "c0fe02bf69438f4d": 1,
            "2efbadf38eae7ad8": 1,
            "f53a0c2b7ed7e861": 1,
            "8a2ead4d3bd883f4": 1,
            "393fe027724b2538": 1,
            "ca517f668bc4aba9": 1,
            "ea6bbdaa50b58314": 2,
            "e9ed2b1921435f9b": 1,
            "350f99e6fa159008": 1,
            "ef4d0ec862b2fb87": 1,
            "689217674fae0f61": 1,
            "44689386a02943fb": 1,
            "be6077cc120d8b12": 1,
            "ef453118f73e4403": 1,
            "e85a447a2a0e86bc": 1,
            "47ed4cca54c30613": 1,
            "37a0ac8856ed8583": 1,
            "a9cdb1accd7168d5": 1,
            "857fcddfa37324cf": 1,
            "0f0caee84a9f2985": 1,
            "90c8bb6558116804": 1,
            "ba22f3ede59e9817": 1,
            "92c25f75296b8ef6": 1,
            "3ec3dbd683ea25a2": 1,
            "65fd2a7edc187747": 1,
            "9fcfaef066e51ba6": 1,
            "ba4a293e5e2aaee5": 1,
            "d9112cc2a44c1c26": 1,
            "e31cd722a7fa230a": 1,
            "ebffa3b0f961b085": 1,
            "af8d54bb97a9f38f": 1,
            "f24eec6a2993b738": 1,
            "42a9bf0dd31ee6f4": 1,
            "f3d057e169b6b1fb": 1,
            "46556881907fd222": 1,
            "7d183b8fdb92bc29": 1,
            "f87659dc3c8038eb": 1,
            "f9ecb9914133a8c0": 1,
            "fbb405d0c0acc1e2": 1,
            "cd9f4f0002ee9987": 1,
            "0895be239a3b74c2": 1,
            "b0d148dbcd1f194b": 1,
            "75c616f0190263c7": 1,
            "4e6719c857c60ef2": 1,
            "e76d743e452d861c": 1
        },
        "Announcements": {
            "fce71e1ecc312591": 1,
            "ecf8502816640f38": 1,
            "a3774f88f516db95": 1,
            "2aff2a2c61db24e3": 1,
            "1ed710109011ac4f": 1,
            "74b70d2c3251c5d5": 1,
            "79a55e90960c82db": 1,
            "109f6e44b59015f3": 1,
            "f1104c272d45fa4a": 1,
            "39cf2e21a9cf458f": 1,
            "a020c095dc805c6b": 1,
            "ed19349fbd8eceec": 1,
            "0676631b5015aeea": 1,
            "3fff568aed410d18": 1,
            "98555875ee1462e8": 1,
            "e560cbf9230c6b55": 1,
            "0a8fd07551b33517": 2,
            "5e12a10c7f1179a9": 1,
            "8a92785f8cfc4368": 1,
            "fe15e6e564468a03": 1,
            "183ada76b8cf7afb": 1,
            "0d61319fb4c4eaab": 1,
            "11a2d18f3323cec8": 1,
            "76b544352eb79196": 1,
            "1ca0f81385e13d71": 1,
            "f688e286648c51db": 1,
            "f041addf7e015b1d": 3,
            "82d5aee00c279a3b": 2,
            "a6f666ef78e4ad00": 1,
            "bfb50a6fb397b2e5": 1,
            "b09cb1076f77c967": 1,
            "d0bf64d98800b7c9": 1,
            "0b733110af8b6c78": 1,
            "158ec13c0a288c14": 1,
            "5feb859ff46fced4": 1,
            "396252fea0c873c1": 1,
            "67b0d449b1e99374": 1,
            "5133d568496507dd": 1,
            "822425e36b571d9f": 1,
            "3a14e3091a564d14": 1,
            "8c7b82eb37d8f632": 1,
            "167e39be1009ddf6": 1,
            "4455c95314f88c21": 1,
            "d8ceadd452344bd1": 1,
            "cc40e7cb9e2260e5": 1,
            "a3e3e5898f68c6e1": 1,
            "81ac4399c558cb00": 1,
            "3d5b0a907229c056": 1,
            "2e525b84e96b0364": 1,
            "bce3a81d06043ee4": 1,
            "b6b85efc638504e2": 1,
            "fb367d4aa9cfd401": 1,
            "41014484857ab027": 1,
            "fd5efadc4b820bcb": 2,
            "35d69aa849132a37": 1,
            "0897815170b0e977": 1,
            "37fe2146670037af": 1,
            "0ff3f7a2ece5e0c8": 1,
            "c4182bd634a35513": 1,
            "d160093239d42cfb": 1,
            "728a9aaa712da217": 1,
            "e8c601bc5586d2ce": 1,
            "d5853d6414a4c825": 1,
            "a4c0898b4c9923df": 1,
            "f08395de656df424": 1,
            "24a7477779c427d5": 2,
            "f0d4ec55cfece7bf": 1,
            "c33fb35694cf470c": 1,
            "b8f898647ce8e2d5": 2,
            "657d0698a31fd63b": 1,
            "d8be1d0b28bf069a": 2,
            "638b09da27c41d35": 1,
            "682b984c509ae6c5": 2,
            "e1a78ab98a8f4a79": 1,
            "b2b2a4ca685b6168": 1,
            "527dab435a2b2f80": 1,
            "f5ef88237a4ca4c5": 1,
            "64549821f42f0bc0": 1,
            "2a6fa853f98704e5": 1,
            "fc00aa8cc1d4d484": 1,
            "097514fdcb1881c7": 1,
            "5847bcdd2999e102": 1,
            "914cd021b750fd1c": 1,
            "b9b267a2c669a667": 1,
            "53f7d1066faff095": 1,
            "fee74b6c850fbf18": 1,
            "5779f4a57bd71656": 1,
            "cde62178bfca8b3f": 1,
            "e252f29676753e9c": 1,
            "a85d06093084547c": 1,
            "e8ef04ae4c4b1e60": 4,
            "ab3e82a12af0a43e": 1,
            "a301056cc69b3c98": 1,
            "4c81fd190a9b4574": 1,
            "9cf9fe57f0266385": 1,
            "67f94237acd45d97": 1,
            "7e885a881c7f2a2a": 1,
            "4b8322751baed859": 1,
            "52464917830a143c": 1,
            "cf7a53c0bddc642d": 1,
            "f1bdeef664827d77": 1,
            "8ab31effc7ce80cb": 1,
            "f0f1c62c98cb8be7": 1,
            "7d6f1ac98abd7164": 2,
            "5ad3f70d5855ca9c": 1,
            "f1d43de0fede66e8": 1,
            "2ca9bdb9e48c5ce0": 1,
            "780a56df17cf0399": 1,
            "e233735990b5ab2a": 2,
            "7ca5c5dbc4de3055": 1,
            "21c14f1fa9277f29": 1,
            "589eb26d09d6bb84": 2,
            "b0a596109344cbc3": 1,
            "82e8b5abb1d7d593": 1,
            "160904936634527b": 1,
            "25d1df724613f2ff": 1,
            "4e1fc3675ece81d7": 1,
            "e99d01ad0c6e2872": 1,
            "571e7c8424ea7c35": 1,
            "63bf6fd1072ef424": 2,
            "2e040be8894c0c5d": 1,
            "64005e21c4522f63": 1,
            "f07a3f94d186d114": 1,
            "e3c8efa710f89b7c": 1,
            "b271ae2355e603a9": 1,
            "1f06e03e9a593340": 1,
            "cb40e489a4980cda": 1,
            "9ab5cea007e35202": 1,
            "3fc8c3ae45b3ff70": 1,
            "ac1bf28fa79937e5": 1,
            "718ec2579019d1c6": 1,
            "43bee0ec6550d4e9": 1,
            "ee3603734d19d396": 1,
            "360970f9ca02d65c": 3,
            "e0ec0cb3f29b554b": 1,
            "71f295209be31b17": 1,
            "b16b6ce06d1f9adf": 1,
            "214886449c658159": 1,
            "72a58b37ca12509e": 1,
            "da9b0cea554c5181": 1,
            "eba392b37d79028b": 1,
            "1f31e49e1e03fffc": 2,
            "6139aa837553727b": 1,
            "2017506936585531": 1,
            "874f97d371726b1d": 1,
            "2870d8dc7e704c8a": 1,
            "a3dcd302ea815837": 2,
            "479a3604dbfc548f": 1,
            "3bdec1978bbf2850": 1,
            "62fa7241eca3bde1": 1,
            "d2315ea4cf542344": 1,
            "6efedc5b50062caf": 1,
            "d2f1024fb07b271b": 1,
            "fa02dc5010e2a042": 1,
            "abb23748fe37e6b8": 1,
            "4e69391dc7607066": 1,
            "4cbe737423a9d8dd": 1,
            "52cd0299b2d1bf5c": 1,
            "4a101af710a9f50e": 2,
            "6b4cae07a064bd11": 2,
            "7f5e4742c8c3d9cf": 1,
            "d17a69bfbdf02614": 1,
            "3bc544fd36da4a84": 1,
            "b795e5898127d157": 1,
            "ff7c9a685882528c": 1,
            "47a006203c27ce0b": 2,
            "dce41003be7ad6ab": 1,
            "b2004b4dadf96a9c": 1,
            "85095101b0ad5476": 1
        },
        "Clients": {
            "40b708152fd04056": 1,
            "bdf4a035dbf472ac": 1,
            "dbc56995bc540874": 1,
            "1a908f6463e673f2": 2,
            "f151f3f260b4a65b": 1,
            "53d8babb77ea045d": 1,
            "19beeb3d6b2e0698": 1,
            "e8f21383e9760a54": 2,
            "22911906f0c5c352": 1,
            "732d48ce8c628d31": 1,
            "c9e13ea7ea972a4e": 1,
            "625ea72c91dbac8d": 1,
            "8a1c5d65316c4b28": 1,
            "64bf88bbd5bf36c1": 1,
            "563677f72bb07cea": 1,
            "3b6dad4448319a0d": 1,
            "fa10b80afee7aed8": 1,
            "3cf5fb2cc8f7bb12": 1,
            "1121e7d37de22eed": 1,
            "c142e993018a5d22": 2,
            "f046cb80a22a7e61": 1,
            "bfe3f0a422cc68c1": 1,
            "677be7240ef84d4d": 1,
            "83132c29a5286c66": 1,
            "91b247a193530f62": 1,
            "5cb08a85fda32d1b": 1,
            "9bb5bcdedafa6c19": 1,
            "9f6622fa94683e93": 2,
            "3d5badc07846400e": 1,
            "6b170031b766eafb": 1,
            "52f652a99f1c9d52": 1,
            "bd3046eeb2945af8": 1,
            "2e900cdef0ab4c0a": 1,
            "27c7050135193830": 1,
            "8c5edafbffcc9c2f": 1,
            "a66ad1f3d7c14aa0": 1,
            "0deb5b0d97358329": 1,
            "b2c75c50268da3b9": 1,
            "5649b398b7b08d40": 1,
            "83047ec742c9a05f": 1,
            "ced6c90eee493abb": 1,
            "27c66e0a1a78cda8": 1,
            "00e1e8d5e1e20c88": 2,
            "ac05504b040455df": 1,
            "275e58c25dc3e2a5": 1,
            "5304182c0c92c330": 1,
            "b7fb40936f6ecf72": 2,
            "0935d21b8b9da88a": 1,
            "d3417a5ec1787e29": 1,
            "c4f7caa2d41d77cb": 1,
            "962ec56143ad5380": 1,
            "dd02807c2311c5e1": 1,
            "294f4a1f319f25e2": 1,
            "e47d30b56c2d3c76": 2,
            "6f863f93fd41bf11": 1,
            "de4f879218efaa60": 1,
            "0f6ae6c67d9d8c91": 1,
            "d324e45037dc32fc": 1,
            "7b9cc7c4f2407621": 1,
            "17750110a88b98b4": 1
        },
        "Agencies": {
            "753991f4dce7aee0": 1,
            "63cc12b23490e365": 1,
            "491e9ea3417259b4": 1,
            "d68178002cf1a576": 1,
            "4af2b27fddc6761e": 1,
            "f8efdbf12e8f79bc": 1,
            "86de6061a3b78a23": 1,
            "a8e32d2a7a65d3e5": 1,
            "989b0a4ee8ba7d05": 2,
            "4d6b1ce6fea750dc": 2,
            "6fab7d669a90397c": 1,
            "01546c76335b545e": 1,
            "9b31774d065a0706": 1,
            "cb7b1942919a6a28": 2,
            "7b0e65a928d147cf": 1,
            "378c3593f8ee5b37": 1,
            "de24a4c9f811739a": 1,
            "c77d9cc7657c7e51": 1,
            "91aac8cc1862fa48": 1,
            "de5a0c9ebd94dc4a": 1,
            "e1f1fae5d01786dd": 1,
            "5ca7fb475f2aaa6d": 1,
            "a2010860fa913045": 1
        }
    },
    "deletions": {},
    "modifications": {
        "Freelancers": 99,
        "Announcements": 192,
        "Clients": 67,
        "Agencies": 26
    },
    "avg_timestamp": {
        "Freelancers": {
            "days": 0.0,
            "hours": 2.0,
            "minutes": 3.0,
            "seconds": 55.806122448979295
        },
        "Announcements": {
            "days": 0.0,
            "hours": 2.0,
            "minutes": 29.0,
            "seconds": 30.168421052630947
        },
        "Clients": {
            "days": 0.0,
            "hours": 2.0,
            "minutes": 18.0,
            "seconds": 42.03125
        },
        "Agencies": {
            "days": 0.0,
            "hours": 2.0,
            "minutes": 14.0,
            "seconds": 59.18518518518522
        }
    },
    "avg_edit_time": {
        "Freelancers": 7435.806122448979,
        "Announcements": 8970.168421052631,
        "Clients": 8322.03125,
        "Agencies": 8099.185185185185
    },
    "edit_times": {
        "Freelancers": {
            "1480a3268a3b58c8": "49 days, 10:07:34",
            "0b87a1e12e0fd433": "0:27:54",
            "8ab56d239e57c723": "0:52:27",
            "6a6ed154fa601bc3": "1:26:33",
            "f8f83dc1f3395f72": "0:18:34",
            "5956c4a301ed46e4": "0:30:29",
            "ff6b53db753ef20e": "1:41:32",
            "a1bbaa06dd352a7b": "1:01:48",
            "5ab5c46ec30c75fd": "0:08:03",
            "3cba2f8baba8774b": "0:37:24",
            "32da7e16df7570ed": "5:11:47",
            "b89a5873a68d98b9": "1:26:48",
            "c676bfea4bfd1867": "1:28:02",
            "7dd3556bcc17a27e": "0:17:03",
            "d0879199118f6b0c": "1:27:32",
            "5ffaef9930f37b11": "0:57:39",
            "f82ebd7b6b78ba49": "3:14:01",
            "817e2a547bd079c7": "0:42:13",
            "64466bf6d249628c": "1:22:40",
            "3f404caea1d9c50d": "10:31:29",
            "f549043cd307a449": "0:09:00",
            "2e94e4a10d97242f": "0:48:56",
            "0448e1aaded2a08f": "0:13:11",
            "33b5030f5432d5ea": "1:00:29",
            "0f4370a708e66742": "0:23:22",
            "0c78a172b9ce6fd1": "1:44:45",
            "e2706aa23da569b1": "2:35:26",
            "b40f92df975882b3": "2:31:22",
            "14867744fc00eea2": "0:00:46",
            "b0135543299ea149": "0:22:34",
            "d6affa674c66e487": "0:10:03",
            "b5238232c207c76a": "0:01:21",
            "35ae949cc14136b4": "0:17:45",
            "51b74ae7d4599416": "0:14:30",
            "e8a162338f4a1d23": "0:21:03",
            "265ee160183ee846": "3:01:21",
            "8252e03c2a074aa4": "1:17:14",
            "364c329a2c4a9507": "2:52:20",
            "6edb0d8dcd7e7c0f": "3:00:28",
            "04e51155a9e503f5": "2:22:25",
            "80d7838cf0c6d44c": "3:55:12",
            "aaed4b4312218a4d": "1:48:19",
            "02155378363af0e8": "1:36:14",
            "899681a6a2cbd826": "0:46:19",
            "926b31c2001adde9": "26 days, 9:28:48",
            "1566762c21e4de1f": "3:52:38",
            "d3d37ee4e19fe130": "0:35:47",
            "dbf2283ed8879ebe": "1:17:37",
            "a80e7ec76d7e81c3": "2:24:55",
            "814a5c5808bff0ce": "0:51:16",
            "d88b410ab1275466": "1:14:01",
            "a8ade8d421a9f219": "0:20:15",
            "80495a8a6a2ec173": "3:40:44",
            "14eb682197e21942": "0:13:08",
            "8bbdf16b64c15596": "6:23:34",
            "df6676e80e3d9101": "0:03:50",
            "3459a53946090623": "0:39:13",
            "b1280662c32a3fb4": "0:02:53",
            "ad4d6b0c1987f595": "0:54:44",
            "06015c3d66ae4bd7": "0:05:43",
            "765015b9baf64090": "0:05:10",
            "2221be907bf9e740": "1:04:45",
            "96e3219e36a4b5fc": "23:29:26",
            "d815e80bd091c5ca": "1:20:54",
            "32b668311a6f7d8b": "1:39:14",
            "a378d4a3e68bac63": "0:02:54",
            "faa3fbbd3acc3cd8": "0:06:56",
            "4f7c26a50b04e467": "0:12:30",
            "89ebf16269221734": "0:38:30",
            "63ef245c3c221730": "2:05:36",
            "acd2dde97add15e3": "0:40:52",
            "2db5a99f521875bf": "2:14:18",
            "18effb8d7b9aca79": "4:30:33",
            "2d5ee82f2a221def": "9 days, 18:50:44",
            "0b37b38facfc8281": "1:05:50",
            "4772f15ad32f3b47": "0:40:29",
            "0a6270ebaf326538": "0:23:43",
            "93a9e8c41be735ee": "96 days, 10:44:12",
            "258550d47d3258bb": "0:05:25",
            "5e36376abb84c058": "0:16:22",
            "3e953994c1aecdbc": "0:03:50",
            "a257135ab6b09fa2": "1:03:10",
            "14ad2af64ea03a22": "2:01:23",
            "c73b6aafd66e3ac6": "0:02:55",
            "8b0108bf98e97351": "1:13:00",
            "643ea45c33cd1cb7": "0:27:29",
            "16c46e3510dd0156": "0:02:34",
            "0c1cca9aa6fb9c57": "0:29:14",
            "9cdc01b8548ef190": "1:59:44",
            "0406b5c1b67ffbb6": "0:17:08",
            "cb9eb9c9b3867d6d": "11:54:53",
            "8c12dc13c70a11b8": "0:46:11",
            "d2fe68c546762a83": "0:16:21",
            "020487c40f7d0d1d": "1:07:45",
            "4d5ee3ad0feed325": "1:27:57",
            "6572d542c6ddc6ac": "0:53:22",
            "c65b0ce7cc184d34": "0:17:39",
            "079c92a84a9fd7d7": "0:07:08"
        },
        "Announcements": {
            "748dd3596aeef176": "1:09:42",
            "a8ba6e635634730f": "0:41:42",
            "8f19f97a729670e9": "1:16:21",
            "f16b8c2d50e71e1d": "0:01:15",
            "7e57bcdfe88b7466": "0:50:12",
            "2d9d6673ca4009da": "3:08:02",
            "59cf7c4c24dfda4f": "1:37:39",
            "6f776f59505f1493": "1:06:06",
            "419fc18374b9acb9": "2:32:24",
            "5c9fe63aa9ec308d": "0:03:33",
            "473169aaab08a7b5": "1:43:18",
            "e7e83131bfb55132": "0:16:13",
            "7baa5ff9b75cea8d": "0:19:01",
            "3f81651eddfd6ce8": "2:52:44",
            "2ed7e45b4b633440": "0:57:01",
            "a83cdcfc3e014399": "2:28:02",
            "7f8f6048c634d21b": "2:41:34",
            "905da11e73ee208d": "7:14:52",
            "071a06684742b0ca": "6 days, 1:33:06",
            "074e48e95c064a76": "3:43:34",
            "f8be391ac5d04a4a": "0:20:52",
            "e7000d624832e208": "2:34:20",
            "9d073b411110bffe": "0:11:26",
            "4da0c5d6326a592d": "0:04:50",
            "a8a12e3fae090984": "0:01:25",
            "71b7bdd16103752d": "0:20:37",
            "a932f0dbd91b459c": "1:59:15",
            "122e1bd6550bb743": "18:36:42",
            "d82c4128dd29cf05": "1 day, 17:21:33",
            "e094ea0178b39052": "2:17:41",
            "7708fcaffa071abe": "1:01:39",
            "fc3561e4993a3307": "1:24:02",
            "8dc0a442bfd8fad6": "0:04:37",
            "83ecfca6b19e955d": "0:39:55",
            "153483b069d2d86d": "1:50:24",
            "9cf7a9b627f782fe": "1:33:06",
            "11b12a900a619297": "0:34:08",
            "35a9005e4207c592": "0:25:41",
            "1ca2ae9b968e379e": "0:37:04",
            "42c29fe099696c50": "2:05:48",
            "4f1853b8435e8ce9": "0:57:44",
            "7534d94bfc52f9b6": "1:40:58",
            "a393305676d4862b": "0:29:16",
            "fa828eb94e0c55bd": "11:44:01",
            "2fefc1b63e4c15fa": "0:48:24",
            "59c3b437328c2365": "0:23:45",
            "10f33c9755d6ae41": "0:10:01",
            "003f423ebe9146b6": "1:39:58",
            "308a8735712ea310": "0:30:21",
            "0c688a13220370a9": "0:05:57",
            "9cce76830f68221e": "1:04:10",
            "3f8ab820721f4444": "1:17:31",
            "76fa75f90b7becb4": "0:27:24",
            "f83035680a730fed": "0:05:05",
            "a53134d2c6fb2444": "0:31:25",
            "e3fd172a8e8ab1de": "0:56:24",
            "1969c7d084d8ffcb": "0:20:16",
            "1b52a037423d06c3": "1:05:27",
            "976ff270d8fc8602": "1:25:56",
            "3b25beea79db0281": "3:35:30",
            "f78fdf989ac4c004": "4:49:08",
            "4fc959c70fab75e9": "0:09:53",
            "1200d049abe751c4": "0:32:04",
            "54e30e9216904dd2": "1:07:28",
            "17d16cde38fa82c6": "2:35:20",
            "a9ad645d64b1c822": "1:09:14",
            "29eaf3aa86be147c": "0:24:01",
            "48d20640a6afc5b2": "0:50:19",
            "866a7d0c5b3d416a": "18:34:21",
            "266673c3d91efd45": "16:02:01",
            "431ef74e22d7134a": "0:08:33",
            "0170670e95ca5ef7": "0:59:25",
            "1404141bbb38df51": "0:56:35",
            "bb42540eb789a6dc": "3:04:45",
            "a0be517acf0b9316": "0:12:42",
            "814c74d50d40fbf2": "1:11:24",
            "0b6c40d94edb5c53": "0:03:36",
            "f4259f46d1eb75e6": "2:22:45",
            "516566093607c677": "3:23:07",
            "4b246e1c62d8a57e": "0:50:46",
            "ad6e3a56b9a1e23b": "0:40:41",
            "7ed7c5bb24bdbb0a": "1:23:08",
            "3a0b7c5e39fc4dad": "1:48:08",
            "3b0a1795754fda85": "0:03:48",
            "2fa0f42aa16005d7": "0:45:28",
            "a3513867951323b2": "0:08:51",
            "b7a47015be8c953a": "0:23:26",
            "5d4ef47df59bff98": "0:01:56",
            "2b28f9265ed098d9": "11:55:22",
            "20e187bea1ea3d7f": "0:21:13",
            "2a627f27678acd0f": "0:15:41",
            "0d5ce793d53a5014": "1:36:54",
            "7b15f61380ac5a8a": "0:16:24",
            "e04be8de79cf4e8f": "0:53:42",
            "4ca18f2b781449f8": "2:58:04",
            "d833f29170bb76dc": "0:31:18",
            "9eb8c592c5f51e3f": "0:33:29",
            "4a00e7283ecbee7d": "0:23:11",
            "cf98d685a8afe2a6": "2:45:39",
            "c95abfa159887922": "0:19:39",
            "6236dfd929dd63ab": "1:13:03",
            "2d761df7b972c3ca": "2:31:43",
            "4e05cba77969b3ca": "0:24:15",
            "042379709feabec9": "50 days, 3:38:49",
            "2a7aa3020102fc22": "1:58:06",
            "fa748811c393858e": "4:07:49",
            "4971ee29a7234b1c": "6:19:46",
            "59077722537c72ff": "8:29:30",
            "16302a1c801d1fd5": "0:12:32",
            "5375e1badd9684b6": "0:07:53",
            "d28c794afbf6c771": "1:08:54",
            "0cf9162efcde2fa8": "0:32:42",
            "463a2bc523eaf7d7": "1:51:53",
            "baa68a4b9b5944a8": "3:02:39",
            "3a240c960bdc43da": "0:24:15",
            "0739acf7a2cbf4a5": "0:12:58",
            "70fd6d3a28cc303f": "0:10:08",
            "748778f2cf2499f6": "1:21:11",
            "422ad08dbfe4bb5a": "3:50:33",
            "148c09976c9d8423": "7:00:38",
            "2d19bc56cb127171": "2:37:07",
            "a758c473126eee23": "8:40:45",
            "9c9b7751663cabb5": "1:16:32",
            "bce4ead7d51cfe25": "2:15:37",
            "ddf74279d8715bbe": "2:15:54",
            "2131d4e13229badd": "14:40:33",
            "ce00bb87411f9bb8": "0:11:06",
            "bbef06792b967c98": "3:48:13",
            "eaae17d1886790b3": "3:45:14",
            "ae626b9460210473": "0:30:09",
            "5bb8b423c991647a": "0:20:00",
            "2ae00ae912eb6783": "0:39:02",
            "bea70efebb876f6a": "6:11:17",
            "3906968c80a1babd": "1:09:10",
            "7f2fb08b0c730cfe": "4:18:44",
            "85f8d42a1d1138ac": "1:13:26",
            "477e2f2d90e2c281": "0:15:40",
            "a9988d927e5f17c2": "16:39:02",
            "ddf1f8de2613572d": "0:06:20",
            "6dde4d29769d6cac": "4:55:34",
            "8b1cf6f60c68a77d": "22 days, 21:16:33",
            "86bd4a8560743eee": "0:38:06",
            "eb11bd5c23770d9b": "5:44:47",
            "3d66bb1081b095eb": "0:25:59",
            "ef693cb1533e4fe3": "0:08:08",
            "7b97578ba9a414ff": "1:40:27",
            "f70e2a9c5198ecc1": "1:24:16",
            "434d3ef0aa40fe58": "7:24:51",
            "65ec605f1524d26e": "30 days, 15:58:02",
            "583537699efada11": "2:36:14",
            "f4ebf0db08586c83": "1:04:49",
            "6aaa2f94076a8d18": "3:00:21",
            "6f843266973c3ec9": "0:09:17",
            "28564594376ee7b2": "0:18:07",
            "4a67c945de6493d2": "0:22:21",
            "62156d0399d9096d": "0:30:02",
            "9c329a2cc9f33874": "0:30:39",
            "b00eec9d1574b3b9": "0:40:35",
            "f3999ae53a6ea1ef": "0:17:02",
            "19e7a2a2fb661617": "12:37:27",
            "9532d0a99a92571d": "0:31:32",
            "89e9330b5fef7f43": "12:28:26",
            "a863ea0c1f506357": "0:10:39",
            "762cd486b7370c21": "1:57:09",
            "2b93abba74d2ad96": "2:43:09",
            "3414d2540aabe398": "0:24:55",
            "1af16b7404365f61": "6:30:01",
            "6ade3852640fff74": "0:04:22",
            "dbd25a10bcb30a53": "2:52:51",
            "92be5390b050f79f": "0:29:28",
            "33bca3f2e837962b": "0:17:22",
            "ad1ff8f9dfcb2109": "0:27:25",
            "d774e21bd3a4a271": "19:28:41",
            "777a9681416492aa": "2:15:10",
            "0ce7306892215d43": "6:01:40",
            "7fe9d5c390b8b7a9": "0:47:26",
            "419a22d391293bea": "2:02:35",
            "9785b4a75c6c58c0": "1:56:40",
            "f7eed05874077093": "2:14:27",
            "17ce071996631c57": "1:04:10",
            "34845c2310e582b9": "9:54:35",
            "8dad79b8f6bbe956": "1:38:16",
            "7f04ae568a9ed2e6": "0:23:43",
            "4fb66cdb49c1345d": "0:53:24",
            "aa9b42f904959af7": "1:47:11",
            "f9c1abf5a13ce91b": "17:51:06",
            "430cb9a84357c4c7": "1:55:33"
        },
        "Clients": {
            "19eaebe2fd64ee1e": "0:37:02",
            "5487f64d16b3047b": "0:05:26",
            "28b880d0943e7340": "0:44:38",
            "8b427bf390098607": "1:25:03",
            "fc09168e007c68f5": "2:54:51",
            "fe089edeb5df428c": "0:14:23",
            "79ab512510aa0957": "0:38:52",
            "278a7eca619febd4": "0:12:05",
            "d3706269ef327b2a": "0:55:01",
            "f8c467ba2589a564": "1:15:14",
            "66c42bd9eee11a13": "0:53:24",
            "596195068bcd857d": "0:03:23",
            "1eed89e3fdf6de54": "20:02:11",
            "bbb9990531fd728f": "0:08:41",
            "1b05c84660d08d22": "0:06:14",
            "6e290bdc24e81c5a": "0:41:40",
            "6466dd6d800fc68b": "2:24:35",
            "ceab3e80d9f0e30b": "0:24:34",
            "8947aefab13bb66e": "3:35:06",
            "275c0084adfb87b9": "0:10:15",
            "57fb1df915d26bc2": "0:07:13",
            "9ef9d697d9c19227": "1:30:42",
            "28cc97b5aaae9f21": "0:04:11",
            "67d43813eebb881c": "0:46:00",
            "a9877a3111e13260": "0:27:22",
            "89dc804895c28a94": "0:10:05",
            "f5702548cbf597b2": "1:22:46",
            "bbc18a97de5d92ad": "0:30:36",
            "7e27c6779beecc71": "0:03:25",
            "bad462571c89fa5b": "0:46:23",
            "4c1bb8a8485336e0": "0:13:06",
            "43e502177a8c7c70": "0:09:54",
            "19486ba6c64e6740": "1:02:46",
            "43bf505fae0ec591": "1:06:33",
            "ebe92b9e179397f3": "0:28:10",
            "c64fc90f67a29701": "0:18:20",
            "c2e629a42dedb012": "0:10:31",
            "197b4eef92becccd": "0:36:38",
            "5361b19a2fd7ed84": "0:10:17",
            "945bb36d24826439": "1:28:08",
            "2daffdbecf658752": "1 day, 13:02:13",
            "bfa20c94072800dc": "0:35:16",
            "095c3619038704fd": "0:18:13",
            "7e722275e5d14e88": "0:27:44",
            "d7d1012e2c4e1da5": "0:31:14",
            "b1670de29f622b78": "3:53:05",
            "453683d7b3550e99": "1:00:41",
            "149510cb7710eb25": "0:42:24",
            "d628dba2098509d2": "0:12:47",
            "227bed2b49248c46": "0:25:12",
            "4d638e4288570f57": "0:33:53",
            "7c773ae5dcb5cdcc": "0:08:41",
            "79f51fede6c4607f": "3:34:38",
            "0565c6aa6aa14bf9": "0:13:02",
            "2d7a4b3116876814": "0:32:10",
            "12a42ae0e7ca231e": "0:31:38",
            "764d82d7d4214aa1": "0:20:21",
            "e1bfacae675873d4": "0:07:49",
            "7b40e6f1450f174c": "2 days, 7:05:07",
            "aade98cbf79d6aa8": "2 days, 7:13:02",
            "864e11ffb2dc54a3": "6 days, 8:45:09",
            "9ee5d5e40ee269f0": "1:18:28",
            "2a608b42f623c8fc": "0:09:57",
            "6a9192c103f47819": "1:08:09",
            "5601090d80b06e04": "0:26:29",
            "6f2eca8cb6365bdc": "0:16:10"
        },
        "Agencies": {
            "467401a61c1bba35": "3:57:56",
            "353d719744eeaea2": "1:10:37",
            "b8e2465730524dff": "0:14:22",
            "560dcb3a135cb97b": "0:19:46",
            "9c62a74b30f502b3": "0:41:49",
            "e8135a31582b6341": "0:05:22",
            "6e7d4f331823c1ea": "0:02:22",
            "e72bfec7071dbe18": "0:02:12",
            "d798ebab6e461bb0": "1:02:18",
            "f615ca47346bc96e": "0:03:13",
            "d4c3611cb806a26d": "2:22:54",
            "0476600276551b5a": "2:17:13",
            "b6d1bf17cb8cacad": "0:07:11",
            "39153ed62066119a": "1:10:40",
            "e23027955fc2e010": "1:57:13",
            "99501a30bfd2a2c2": "0:19:20",
            "ae286b28675f4411": "0:01:08",
            "5784012843c105ce": "1:15:08",
            "887792247a5f9c63": "2:04:19",
            "069eba582fdd2a06": "2:12:16",
            "d1422005ae17b3ac": "0:30:49",
            "05bd57cfeca94bd9": "0:06:39",
            "c14b483c17c5408a": "2:07:01",
            "7a6ea1fcffce8673": "0:59:50",
            "88c0ba976fb4ffe0": "5 days, 11:11:19"
        }
    },
    "under_five": {},
    "min_time": {
        "Freelancers": {
            "postdate": "Dec 27, 2020  11:21:07 AM",
            "editdate": "Dec 27, 2020  11:21:53 AM",
            "message": "Please help me. My account changed to Private locked. Please change it for me.Thank you,**Edited for Community Guidelines**Hamid",
            "id": "14867744fc00eea2",
            "author": {
                "name": "Hamid E",
                "joindate": "Apr 22, 2019",
                "url": "https://community.upwork.com/t5/user/viewprofilepage/user-id/3629637",
                "id": "a47c52f0e3b77b4a",
                "rank": "ActiveMember"
            },
            "url": "https://community.upwork.com/t5/Freelancers/Locked-private-Profile/td-p/405044",
            "edit_status": "**Edited**",
            "page": 201,
            "index": 2009,
            "editor": {
                "name": "",
                "joindate": "",
                "url": "",
                "id": "d41d8cd98f00b204",
                "rank": ""
            },
            "seen_for_mod": true,
            "seen_for_del": false,
            "category": "Freelancers"
        },
        "Announcements": {
            "postdate": "Mar 17, 2021  04:52:47 AM",
            "editdate": "Mar 17, 2021  04:54:02 AM",
            "message": "She did reach out, but she's claiming that a recent purchase I made today of 10 connects was the connects for the interview, and this is not the case. Is there someone else that can look into this? When connects are awarded for interviews it says connects awarded for interview.**Edited for Community Guidelines**",
            "id": "f16b8c2d50e71e1d",
            "author": {
                "name": "Haneef L",
                "joindate": "Mar 1, 2021",
                "url": "https://community.upwork.com/t5/user/viewprofilepage/user-id/7497069",
                "id": "2aff2a2c61db24e3",
                "rank": "ActiveMember"
            },
            "url": "https://community.upwork.com/t5/Announcements/More-Connects-to-win-more-of-the-work-you-love/td-p/837593",
            "edit_status": "**Edited**",
            "page": 183,
            "index": 1830,
            "editor": {
                "name": "",
                "joindate": "",
                "url": "",
                "id": "d41d8cd98f00b204",
                "rank": ""
            },
            "seen_for_mod": true,
            "seen_for_del": false,
            "category": "Announcements"
        },
        "Clients": {
            "postdate": "Mar 5, 2021  05:06:43 AM",
            "editdate": "Mar 5, 2021  05:10:06 AM",
            "message": "Hi!I have my upwork account**Edited for Community Guidelines**ticket number **Edited for Community Guidelines**.Can you help me check why I couldn\u2019t log in using my Google Account? Please. The email I\u2019m using is **Edited for Community Guidelines**Thank you!",
            "id": "596195068bcd857d",
            "author": {
                "name": "A B",
                "joindate": "Mar 5, 2021",
                "url": "https://community.upwork.com/t5/user/viewprofilepage/user-id/7498106",
                "id": "c9e13ea7ea972a4e",
                "rank": "ActiveMember"
            },
            "url": "https://community.upwork.com/t5/Clients/Google-Login-isn-t-working-Please-help/td-p/766861",
            "edit_status": "**Edited**",
            "page": 1,
            "index": 5,
            "editor": {
                "name": "",
                "joindate": "",
                "url": "",
                "id": "d41d8cd98f00b204",
                "rank": ""
            },
            "seen_for_mod": true,
            "seen_for_del": false,
            "category": "Clients"
        },
        "Agencies": {
            "postdate": "Mar 9, 2021  12:23:29 AM",
            "editdate": "Mar 9, 2021  12:24:37 AM",
            "message": "HelloI just created an Agency and usually Upwork gives free connects but I found nothing.Please guide me for the same.Agency URL : **Edited for Community Guidelines**Thanks",
            "id": "ae286b28675f4411",
            "author": {
                "name": "Muhammad F",
                "joindate": "Mar 9, 2021",
                "url": "https://community.upwork.com/t5/user/viewprofilepage/user-id/7499123",
                "id": "7b0e65a928d147cf",
                "rank": "ActiveMember"
            },
            "url": "https://community.upwork.com/t5/Agencies/Upwork-Connects-did-not-receive/td-p/882461",
            "edit_status": "**Edited**",
            "page": 1,
            "index": 1,
            "editor": {
                "name": "",
                "joindate": "",
                "url": "",
                "id": "d41d8cd98f00b204",
                "rank": ""
            },
            "seen_for_mod": true,
            "seen_for_del": false,
            "category": "Agencies"
        }
    },
    "max_time": {
        "Freelancers": {
            "postdate": "Sep 14, 2018  12:43:24 PM",
            "editdate": "Dec 19, 2018  11:27:36 PM",
            "message": "Hi, please add TransferWise to **Edited for Community Guidelines** Upwork. This is a very cool way to withdraw money with a minimum commission!I'm sure among freelancers there is a **Edited for Community Guidelines** huge number of people wishing to use TransferWise for withdrawing money.I hope that such an opportunity will appear in the near future on Upwork.Best regards,YevhenI agree with you Yevhen, I also want TransferWise. Cheers!",
            "id": "93a9e8c41be735ee",
            "author": {
                "name": "Vowell J",
                "joindate": "Sep 14, 2018",
                "url": "https://community.upwork.com/t5/user/viewprofilepage/user-id/2601044",
                "id": "65fd2a7edc187747",
                "rank": "ActiveMember"
            },
            "url": "https://community.upwork.com/t5/Freelancers/Add-TransferWise-to-Upwork/td-p/516909",
            "edit_status": "**Edited**",
            "page": 3,
            "index": 21,
            "editor": {
                "name": "",
                "joindate": "",
                "url": "",
                "id": "d41d8cd98f00b204",
                "rank": ""
            },
            "seen_for_mod": true,
            "seen_for_del": false,
            "category": "Freelancers"
        },
        "Announcements": {
            "postdate": "Jan 25, 2021  03:15:10 AM",
            "editdate": "Mar 16, 2021  06:53:59 AM",
            "message": "Hello everyone,The new design of Upwork is pretty good, **Edited forCommunity Guidelines** and more attractive than the previous one. I don't know what it is that makes such a big difference. But I did notice it right away.",
            "id": "042379709feabec9",
            "author": {
                "name": "Ethn J",
                "joindate": "Jan 12, 2021",
                "url": "https://community.upwork.com/t5/user/viewprofilepage/user-id/7244780",
                "id": "52464917830a143c",
                "rank": "ActiveMember"
            },
            "url": "https://community.upwork.com/t5/Announcements/Did-you-notice-our-new-look/td-p/847868",
            "edit_status": "**Edited**",
            "page": 1,
            "index": 7,
            "editor": {
                "name": "",
                "joindate": "",
                "url": "",
                "id": "d41d8cd98f00b204",
                "rank": ""
            },
            "seen_for_mod": true,
            "seen_for_del": false,
            "category": "Announcements"
        },
        "Clients": {
            "postdate": "Sep 17, 2020  11:29:52 AM",
            "editdate": "Sep 23, 2020  08:15:01 PM",
            "message": "I have to login in another account to reach a support, **edited for Community Guidelines**You guys take at least 10 % of my salary every month and I dont have any way to contact you guys without login?The account I am trying to loging is asking a 2 step verification by phone. I dont have that old number anymore and cant change it for a email verification. Please check it, my email account is **Edited for Community Guidelines**Please urgent! I have to work!!!!",
            "id": "864e11ffb2dc54a3",
            "author": {
                "name": "Bethel T",
                "joindate": "Sep 17, 2020",
                "url": "https://community.upwork.com/t5/user/viewprofilepage/user-id/6539907",
                "id": "6f863f93fd41bf11",
                "rank": "ActiveMember"
            },
            "url": "https://community.upwork.com/t5/Clients/Can-t-login/td-p/383405",
            "edit_status": "**Edited**",
            "page": 2,
            "index": 12,
            "editor": {
                "name": "",
                "joindate": "",
                "url": "",
                "id": "d41d8cd98f00b204",
                "rank": ""
            },
            "seen_for_mod": true,
            "seen_for_del": false,
            "category": "Clients"
        },
        "Agencies": {
            "postdate": "Feb 5, 2021  11:19:43 AM",
            "editdate": "Feb 10, 2021  10:31:02 PM",
            "message": "I want to add **edited for Community Guidelines** as a Non-exclusive team member. to my team so that he can set my agency as a default team.when I try to make him non-exclusive member it is not getting saved as if i again open then it is not saved it goes to default and Member is also not able to set him team as a defaultPlease help me in doing so.",
            "id": "88c0ba976fb4ffe0",
            "author": {
                "name": "Surinder P",
                "joindate": "Feb 5, 2021",
                "url": "https://community.upwork.com/t5/user/viewprofilepage/user-id/7408911",
                "id": "a2010860fa913045",
                "rank": "ActiveMember"
            },
            "url": "https://community.upwork.com/t5/Agencies/add-a-Non-exclusive-team-member/td-p/868472",
            "edit_status": "**Edited**",
            "page": 1,
            "index": 1,
            "editor": {
                "name": "",
                "joindate": "",
                "url": "",
                "id": "d41d8cd98f00b204",
                "rank": ""
            },
            "seen_for_mod": true,
            "seen_for_del": false,
            "category": "Agencies"
        }
    },
    "total_posts": 65290
}